sandeep = sandeep SURNAME <sandeep.SURNAME@axa.com.au>
sampath = sampath SURNAME <sampath.SURNAME@axa.com.au>
carrie = carrie SURNAME <carrie.SURNAME@axa.com.au>
john = john SURNAME <john.SURNAME@axa.com.au>
sriram = sriram SURNAME <sriram.SURNAME@axa.com.au>
selli = selli SURNAME <selli.SURNAME@axa.com.au>
rama = rama SURNAME <rama.SURNAME@axa.com.au>
murali = murali SURNAME <murali.SURNAME@axa.com.au>
rakesh = rakesh SURNAME <rakesh.SURNAME@axa.com.au>
vijay = vijay SURNAME <vijay.SURNAME@axa.com.au>
chaitanya = chaitanya SURNAME <chaitanya.SURNAME@axa.com.au>
devanand = devanand SURNAME <devanand.SURNAME@axa.com.au>
mahendran = mahendran SURNAME <mahendran.SURNAME@axa.com.au>
renju = renju SURNAME <renju.SURNAME@axa.com.au>
daniel = daniel SURNAME <daniel.SURNAME@axa.com.au>
stephan = stephan SURNAME <stephan.SURNAME@axa.com.au>
joe = joe SURNAME <joe.SURNAME@axa.com.au>
dayasagar = dayasagar SURNAME <dayasagar.SURNAME@axa.com.au>
Anoop = Anoop SURNAME <Anoop.SURNAME@axa.com.au>
ahamed = ahamed SURNAME <ahamed.SURNAME@axa.com.au>
vimod = vimod SURNAME <vimod.SURNAME@axa.com.au>
nilath = nilath jayamaha <nilath.jayamaha@axa.com.au>
phani = phani kumar rangaraju <phani.rangaraju@axa.com.au>
raeleen = raeleen pike <raeleen.pike@axa.com.au>
berry = berry anubhav <berry.anubhav@axa.com.au>
kani = kani murugesan <kani.murugesan@axa.com.au>
sachin = sachin panda <sachinanda.panda@axa.com.au>
lauren = lauren berkefeld <lauren.berkefeld@axa.com.au>
rosalind = rosalind lim <rosalind.lim@axa.com.au>
dor = dor orgad <dor.orgad@axa.com.au>
christian = christian robas <christian.robas@axa.com.au>
manasi = manasi manasi <manasi.manasi@axa.com.au>
tommy = tommy braas <tommy.braas@axa.com.au>
mallika = mallika ramasamy <mallika.ramasamy@axa.com.au>
rudy = rudy sygaco <rudy.sygaco@axa.com.au>
selena = selena su <selena.su@axa.com.au>
rizwan = rizwan syed <rizwan.syed@axa.com.au>
sunil = sunil senadheera <sunil.senadheera@axa.com.au>
amit = amit savara <amit.savara@axa.com.au>
sri = sri ramachandran <sri.ramachandran@axa.com.au>
bulbul = bulbul alamgir <bulbul.alamgir@axa.com.au>
tim = tim wallis <tim.wallis@axa.com.au>
thomas = thomas haywood <thomas.haywood@axa.com.au>
george = george thompson <george.thompson@axa.com.au>
zoran = zoran nedeljkovic <zoran.nedeljkovic@axa.com.au>
mark = mark chiavaroli <mark.chiavaroli@axa.com.au>
natalie = natalie koutsambasis <natalie.koutsambasis@axa.com.au>
weichih = weichih duong <weichih.duong@axa.com.au>
kai = kai berberich <kai.berberich@axa.com.au>
tao = tao xiao <tao.xiao@axa.com.au>
julio = julio SURNAME <julio.SURNAME@axa.com.au>
chris = chris SURNAME <chris.SURNAME@axa.com.au>
ashish = ashish SURNAME <ashish.SURNAME@axa.com.au>
jared = jared SURNAME <jared.SURNAME@axa.com.au>
likun = likun SURNAME <likun.SURNAME@axa.com.au>
ramesh = ramesh SURNAME <ramesh.SURNAME@axa.com.au>
webcons.admin = webcons.admin SURNAME <webcons.admin.SURNAME@axa.com.au>